<?xml version="1.0" encoding="UTF-8"?>
<project xmlns="http://maven.apache.org/POM/4.0.0" xmlns:xsi="http://www.w3.org/2001/XMLSchema-instance" xsi:schemaLocation="http://maven.apache.org/POM/4.0.0 http://maven.apache.org/maven-v4_0_0.xsd">
  <modelVersion>4.0.0</modelVersion>
  <groupId>com.anzhigu</groupId>
  <artifactId>FlinkMavenTest</artifactId>
  <version>1.0</version>
  <build>
    <extensions>
      <extension>
        <groupId>kr.motd.maven</groupId>
        <artifactId>os-maven-plugin</artifactId>
        <version>1.4.1.Final</version>
      </extension>
    </extensions>
    <resources>
      <resource>
        <directory>src/main/resources</directory>
      </resource>
    </resources>
    <plugins>
      <plugin>
        <groupId>net.alchim31.maven</groupId>
        <artifactId>scala-maven-plugin</artifactId>
        <version>4.8.0</version>
        <executions>
          <execution>
            <id>scala-compile-first</id>
            <phase>process-resources</phase>
            <goals>
              <goal>compile</goal>
            </goals>
          </execution>
          <execution>
            <id>scala-test-compile-first</id>
            <phase>process-test-resources</phase>
            <goals>
              <goal>testCompile</goal>
            </goals>
          </execution>
          <execution>
            <id>attach-scaladocs</id>
            <phase>verify</phase>
            <goals>
              <goal>doc-jar</goal>
            </goals>
          </execution>
        </executions>
        <configuration>
          <scalaVersion>${scala.version}</scalaVersion>
          <recompileMode>incremental</recompileMode>
          <args>
            <arg>-unchecked</arg>
            <arg>-deprecation</arg>
            <arg>-feature</arg>
          </args>
          <javacArgs>
            <javacArg>-source</javacArg>
            <javacArg>${java.version}</javacArg>
            <javacArg>-target</javacArg>
            <javacArg>${java.version}</javacArg>
          </javacArgs>
        </configuration>
      </plugin>
      <plugin>
        <artifactId>maven-compiler-plugin</artifactId>
        <version>3.11.0</version>
        <configuration>
          <source>${java.version}</source>
          <target>${java.version}</target>
          <encoding>UTF-8</encoding>
          <maxmem>1024m</maxmem>
          <fork>true</fork>
        </configuration>
      </plugin>
      <plugin>
        <groupId>org.xolstice.maven.plugins</groupId>
        <artifactId>protobuf-maven-plugin</artifactId>
        <version>0.6.1</version>
        <extensions>true</extensions>
        <executions>
          <execution>
            <goals>
              <goal>compile</goal>
            </goals>
          </execution>
        </executions>
        <configuration>
          <protoSourceRoot>${project.basedir}/src/main/proto</protoSourceRoot>
          <protocArtifact>com.google.protobuf:protoc:2.5.0:exe:${os.detected.classifier}</protocArtifact>
        </configuration>
      </plugin>
      <plugin>
        <artifactId>maven-shade-plugin</artifactId>
        <version>3.5.0</version>
        <executions>
          <execution>
            <id>uber-jar</id>
            <phase>package</phase>
            <goals>
              <goal>shade</goal>
            </goals>
            <configuration>
              <finalName>${project.artifactId}-${project.version}-with-dependencies</finalName>
              <transformers>
                <transformer />
                <transformer />
                <transformer />
              </transformers>
              <filters>
                <filter>
                  <artifact>*:*</artifact>
                  <excludes>
                    <exclude>LICENSE</exclude>
                    <exclude>META-INF/*.SF</exclude>
                    <exclude>META-INF/*.DSA</exclude>
                    <exclude>META-INF/*.RSA</exclude>
                  </excludes>
                </filter>
              </filters>
            </configuration>
          </execution>
        </executions>
      </plugin>
      <plugin>
        <artifactId>maven-source-plugin</artifactId>
        <version>3.3.0</version>
        <executions>
          <execution>
            <phase>compile</phase>
            <goals>
              <goal>jar</goal>
            </goals>
          </execution>
        </executions>
        <configuration>
          <attach>true</attach>
        </configuration>
      </plugin>
    </plugins>
  </build>
  <profiles>
    <profile>
      <id>local</id>
      <properties>
        <compile.scope>compile</compile.scope>
      </properties>
    </profile>
  </profiles>
  <repositories>
    <repository>
      <releases />
      <snapshots />
      <id>Maven-Ali</id>
      <name>Ali Maven Repository</name>
      <url>http://maven.aliyun.com/nexus/content/groups/public/</url>
    </repository>
  </repositories>
  <pluginRepositories>
    <pluginRepository>
      <releases />
      <snapshots />
      <id>Maven-Ali</id>
      <name>Ali Maven Repository</name>
      <url>http://maven.aliyun.com/nexus/content/groups/public/</url>
    </pluginRepository>
  </pluginRepositories>
  <dependencies>
    <dependency>
      <groupId>org.apache.flink</groupId>
      <artifactId>flink-runtime</artifactId>
      <version>1.17.1</version>
      <scope>provided</scope>
    </dependency>
    <dependency>
      <groupId>org.apache.flink</groupId>
      <artifactId>flink-table-runtime</artifactId>
      <version>1.17.1</version>
      <scope>provided</scope>
    </dependency>
    <dependency>
      <groupId>org.apache.flink</groupId>
      <artifactId>flink-table-planner-loader</artifactId>
      <version>1.17.1</version>
      <scope>provided</scope>
    </dependency>
    <dependency>
      <groupId>org.apache.flink</groupId>
      <artifactId>flink-connector-kafka</artifactId>
      <version>1.17.1</version>
      <scope>provided</scope>
    </dependency>
  </dependencies>
  <distributionManagement>
    <repository>
      <id>releases</id>
      <url>http://maven.aliyun.com/nexus/content/groups/public/</url>
    </repository>
    <snapshotRepository>
      <id>snapshots</id>
      <url>http://maven.aliyun.com/nexus/content/repositories/snapshots/</url>
    </snapshotRepository>
  </distributionManagement>
  <properties>
    <java.version>11</java.version>
    <maven.compiler.source>11</maven.compiler.source>
    <flink.version>1.17.1</flink.version>
    <maven.compiler.target>11</maven.compiler.target>
    <scala.base.version>2.12</scala.base.version>
    <scala.version>2.12.8</scala.version>
  </properties>
</project>
